{"cameraMode":{"drawMode":0,"name":"Shaded","section":"Shading Mode"},"sceneLighting":false,"audioPlay":false,"sceneViewState":{"m_AlwaysRefresh":false,"showFog":false,"showSkybox":false,"showFlares":false,"showImageEffects":false,"showParticleSystems":false,"showVisualEffectGraphs":true,"m_FxEnabled":true},"in2DMode":false,"pivot":{"x":-0.0027576088905334474,"y":0.7794736623764038,"z":-0.00561898946762085},"rotation":{"x":0.1413508504629135,"y":0.813288688659668,"z":-0.2214205414056778,"w":0.5191957950592041},"size":1.3119984865188599,"orthographic":false}