{"cameraMode":{"drawMode":0,"name":"Shaded","section":"Shading Mode"},"sceneLighting":true,"audioPlay":false,"sceneViewState":{"m_AlwaysRefresh":false,"showFog":true,"showSkybox":true,"showFlares":true,"showImageEffects":true,"showParticleSystems":true,"showVisualEffectGraphs":true,"m_FxEnabled":true},"in2DMode":false,"pivot":{"x":0.44573110342025759,"y":-6.161200523376465,"z":-8.485177993774414},"rotation":{"x":-0.023639144375920297,"y":-0.9386752247810364,"z":0.3376624584197998,"w":-0.06571473926305771},"size":16.01197624206543,"orthographic":false}