{"cameraMode":{"drawMode":0,"name":"Shaded","section":"Shading Mode"},"sceneLighting":true,"audioPlay":false,"sceneViewState":{"m_AlwaysRefresh":false,"showFog":true,"showSkybox":true,"showFlares":true,"showImageEffects":true,"showParticleSystems":true,"showVisualEffectGraphs":true,"m_FxEnabled":true},"in2DMode":false,"pivot":{"x":-2.7167649269104006,"y":14.995697021484375,"z":-22.034099578857423},"rotation":{"x":0.0007524747052229941,"y":0.9971280694007874,"z":-0.07523611187934876,"w":0.0098268399015069},"size":1.2443952560424805,"orthographic":false}