{"cameraMode":{"drawMode":0,"name":"Shaded","section":"Shading Mode"},"sceneLighting":false,"audioPlay":false,"sceneViewState":{"m_AlwaysRefresh":false,"showFog":false,"showSkybox":false,"showFlares":false,"showImageEffects":false,"showParticleSystems":false,"showVisualEffectGraphs":true,"m_FxEnabled":true},"in2DMode":false,"pivot":{"x":-0.026764854788780214,"y":0.8140352368354797,"z":0.035899609327316287},"rotation":{"x":0.17038367688655854,"y":0.828883171081543,"z":-0.35712042450904848,"w":0.3954713046550751},"size":1.2017996311187745,"orthographic":false}